nm,E891,ISO9050,ASTM_G173_global,ASTM_G173_direct
250,0.0,0.0,0.0,0.0
255,0.0,0.0,0.0,0.0
260,0.0,0.0,0.0,0.0
265,0.0,0.0,0.0,0.0
270,0.0,0.0,0.0,0.0
275,0.0,0.0,0.0,0.0
280,0.0,0.0,2.3788610308813874e-25,1.4193035322156657e-28
285,0.0,0.0,4.029818443359533e-17,5.036649946466838e-19
290,0.0,0.0,3.025456266377884e-11,2.8795727276773336e-12
295,0.0,0.0,6.179839368731584e-08,1.8046158156155658e-08
300,0.0,0.0,5.13142886557411e-06,2.553694234396634e-06
305,2.2461521102136635e-05,5.702741593020848e-05,8.278168879367621e-05,4.9996017646787874e-05
310,0.00010305874388039161,0.00023611351157068773,0.0002561390053733264,0.00015572548435563706
315,0.00027152015214641637,0.0005542664636023772,0.0006851123791616585,0.00041237648387225877
320,0.0004703706771976849,0.0009164405788082625,0.0010321689399670727,0.0006311062628759144
325,0.0006619542395394385,0.0013096296044323317,0.0014026073177493801,0.00086766617891533
330,0.001006804651754595,0.0019149205980775266,0.0023703128397285444,0.0014658096335236274
335,0.001027944906909547,0.0020189706201256263,0.002332549948223928,0.001481759379459571
340,0.0011851755546245038,0.002190052867916252,0.00252322489440969,0.0016598368937338604
345,0.001233401761696738,0.002261087017583704,0.0023079110443127927,0.001558821836139551
350,0.0014005419040155785,0.0024461759991115744,0.0026548670381634676,0.0018419438175077563
355,0.0014946821027524747,0.0025562289070470644,0.0030743318063811967,0.0021904317752029162
360,0.0015888223014893707,0.0026842904726447256,0.0030078067658211322,0.0021960281772857035
365,0.001864636567964137,0.0030214525633198174,0.0031356273652948154,0.0023398557108133353
370,0.002140450834438903,0.003360615615957373,0.003796754525751145,0.002891437100092843
375,0.0022672923653686157,0.0035106877631421326,0.0029632053213942415,0.0022993937237547834
380,0.002394133896298328,0.0036017315324342195,0.003523715243633875,0.0027842660002074674
385,0.002457884978249981,0.003530697382766767,0.003386843618233652,0.0027219780450260457
390,0.0025216360602016335,0.0035527079643538646,0.004007542862884772,0.003271488765534923
395,0.003097377696687283,0.004296065333409039,0.00406149703410242,0.0033632137956718052
400,0.0036731193331729322,0.005210504950254838,0.005602082213754156,0.004700362145312154
405,0.004004426769429447,0.005516151890021131,0.005788131080021909,0.00491638326570774
410,0.004335734205685962,0.005821798829787424,0.005272222602209166,0.0045280489251831365
415,0.004449693393630627,0.00588157756841602,0.0061637486559732915,0.005348425506498914
420,0.00456365258157529,0.005941356307044615,0.005647840178160549,0.004950969030579366
425,0.004402127819531984,0.005808792577031411,0.006279400653923516,0.00555789883645764
430,0.004240603057488678,0.0056762288470182075,0.004397893497705466,0.003924980636741986
435,0.004757878675811413,0.00615120719285797,0.006261298602070438,0.005635576897366725
440,0.005275154294134148,0.006626185538697733,0.00678776661013081,0.006152124809607986
445,0.005797384659758825,0.007150687693108467,0.007350941556671035,0.00671120537767843
450,0.0063196150253835015,0.007675189847519199,0.007841708295798947,0.007208725522838212
455,0.0064299407319734075,0.007881038809407628,0.0076551565947574965,0.007082246835767221
460,0.0065402664385633144,0.008086887771296056,0.00768884652459517,0.007158357904093127
465,0.0065666917575070045,0.00808988921423975,0.007718513776243272,0.007222156887836902
470,0.006593117076450695,0.008092890657183447,0.007581239883024092,0.00713485301534542
475,0.006751999306599632,0.008148917592132422,0.00813838081227996,0.007697851064873815
480,0.006910881536748568,0.0082049445270814,0.008136369473185173,0.007737025879453326
485,0.006775451777162156,0.008052871417934176,0.00788595775588425,0.0075310782828067555
490,0.0066400220175757444,0.007900798308786953,0.008157991368454126,0.007817054429237183
495,0.006711370378723708,0.007902549150504107,0.008289231244388948,0.007968157285472437
500,0.006782718739871672,0.007904299992221264,0.007769300088386631,0.0074941420290603605
505,0.006914845334590122,0.007947320674414228,0.00786182168674681,0.007609987552174056
510,0.007046971929308574,0.007990341356607193,0.007784385131597531,0.007553463891137904
515,0.006864637228597111,0.007836267285497507,0.0077004117243901936,0.007490784187810689
520,0.006682302527885649,0.007682193214387821,0.0076611906120418564,0.007470637140312654
525,0.006924754829194007,0.007809754539494866,0.00793523556370652,0.007756053646534802
530,0.007167207130502364,0.007937315864601911,0.007766785914518149,0.007609987552174056
535,0.007158949218332461,0.007927311054789594,0.007811538209377149,0.007667630493626764
540,0.007150691306162558,0.007917306244977277,0.007454525520052541,0.0073290481676181385
545,0.00721609397054819,0.007921558289147512,0.007761254732007486,0.007643006324462499
550,0.0072814966349338235,0.007925810333317747,0.007743152680154407,0.007637969562587992
555,0.00725705321491091,0.007862279791009532,0.007861318851973114,0.0077694850115334925
560,0.007232609794887996,0.007798749248701317,0.007411784564288327,0.007341360252200271
565,0.007208166374865083,0.007715209086768468,0.007643591394962474,0.00758592302321807
570,0.007183722954842171,0.007631668924835619,0.007450000007089272,0.007409636357610274
575,0.007079541134906672,0.007503857479483265,0.007430389450915103,0.007401241754486093
580,0.006975293251673813,0.007376046034130912,0.007552578300923384,0.007529959002390198
585,0.006871045368440956,0.00727224613232812,0.007705440072127159,0.007687777541124798
590,0.006766863548505457,0.007168446230525329,0.006893361912607102,0.006892528805160735
595,0.006873423647145888,0.007251736272212871,0.007194559942051384,0.007202569480547146
600,0.006979917682488959,0.007335026313900412,0.007418321416346384,0.007430902685524866
605,0.00708647778112939,0.0074268204439284224,0.007489723954211306,0.007509252314683887
610,0.007192971816472461,0.0075186145739564334,0.007384631486508709,0.007407957436985437
615,0.007148907597133858,0.007475844012008777,0.0073901626690193725,0.007417471320526175
620,0.007104777314497896,0.007433073450061121,0.007411281729514631,0.007442655129898719
625,0.007060713095159292,0.007373794951923141,0.007052760535868934,0.007088962518266566
630,0.0070165828125233285,0.0073145164537851606,0.007001471388951878,0.007045310582020826
635,0.007015922179549737,0.00722397292498369,0.007269985158105878,0.007311699321161497
640,0.0070152615465761455,0.007133429396182218,0.007210650654809675,0.00725405637970879
645,0.007014600913602552,0.007179701641564186,0.0073247941484388115,0.007370461543030763
650,0.007013940280628961,0.007225973886946154,0.006835535913631989,0.006883014921619996
655,0.00698830772125358,0.007192958014565506,0.00678776661013081,0.006838803345165978
660,0.006962741225175561,0.007159942142184859,0.0070356641535632486,0.007089522158474844
665,0.006937108665800181,0.00708740727104556,0.0071472934733239,0.007203129120755425
670,0.006911542169722161,0.007014872399906259,0.007138242447397361,0.007193055597006409
675,0.0066026962545677826,0.00671847990921636,0.007018567771257563,0.007073292592434762
680,0.006293850339413404,0.00642208741852646,0.007024098953768226,0.007079448634725828
685,0.005985004424259025,0.006159461160953132,0.006912972468781271,0.006969759153903199
690,0.005676158509104646,0.005896834903379804,0.005944009859867864,0.006013893678163142
695,0.005912665113650673,0.006063164866509578,0.006393041312778956,0.006457128723119889
700,0.006149171718196699,0.006229494829639353,0.006447850303111888,0.006511973463531204
705,0.006385678322742727,0.006315786314270589,0.00664445869962727,0.006709526457053593
710,0.006622184927288753,0.006402077798901826,0.006624848143453101,0.006689939049763838
715,0.005856247057705895,0.0058495621770166045,0.006329181296519482,0.006395568300209231
720,0.005450155968838736,0.005297046555131382,0.004955436694780289,0.005033404033258821
725,0.0056003839070336145,0.0054581239931096905,0.005219424950971021,0.005302087297253436
730,0.005871837995882672,0.0056192014310879985,0.0056744904211664705,0.00576093630402116
735,0.006143292084731728,0.00585481470216807,0.006123521874077561,0.006212565952102089
740,0.006414746173580786,0.0060904279732481425,0.006132070065230404,0.006222639475851106
745,0.006375900954733562,0.00609192869471999,0.006283926166886786,0.006382136935210542
750,0.006337055735886337,0.006093429416191839,0.006205483942190112,0.006308824067926028
755,0.006271058501824471,0.005426608842200891,0.00622660300268537,0.006335686797923407
760,0.004845742861299183,0.004759788268209945,0.0013377416319425147,0.001383206738781688
765,0.004477439978521501,0.005000904184686791,0.003449496831036252,0.0035468317480080534
770,0.005591201108700683,0.005242020101163637,0.005836906053070482,0.005957929657335269
775,0.00579784710284034,0.005467628562431392,0.005918868121183033,0.006044673889618472
780,0.006004493096979997,0.005693237023699147,0.005850985426733988,0.005980874905874697
785,0.005945894952222364,0.005663472714507503,0.0058258436880491565,0.005959608577960105
790,0.005887230744167371,0.0056337084053158576,0.005485927381030234,0.005621585892159758
795,0.005828632599409738,0.005211171937575658,0.00549698974605156,0.005633338336533612
800,0.005769968391354746,0.00478863546983546,0.0053929029478963575,0.005532547135022613
805,0.0054367451194748135,0.0047924039481981,0.005302392688630964,0.0054436203059271245
810,0.00510358791089224,0.0047961724265607394,0.0053094323754627176,0.005455820462467601
815,0.004770364639012307,0.0047999409049233775,0.0045015277445643416,0.004640928355192954
820,0.004525930438783173,0.004803709383286017,0.004333832347536515,0.004471469300126157
825,0.004477439978521501,0.004807477861648657,0.004874228878828284,0.005022882797343182
830,0.004923367235696273,0.004811246340011297,0.004606016810538501,0.004753024288911182
835,0.00515042678871993,0.004815014818373936,0.0050444384497245935,0.005200008923263397
840,0.005283742522790847,0.0048187832967365755,0.005107292796436672,0.005267557496402639
845,0.005309176892274149,0.004822551775099215,0.0051113154746262445,0.005273265826527081
850,0.005334611261757451,0.004826320253461854,0.004493934939481523,0.004639417326630602
855,0.005360045631240753,0.0047468520491226185,0.004590881483850233,0.004742726909078854
860,0.005385480000724054,0.004667383844783383,0.00496881209976062,0.005135482407248861
865,0.00532450357726149,0.004587915640444145,0.0048435056741554195,0.0050080523318237966
870,0.005263593217096283,0.00450844743610491,0.004865177852901745,0.005033012285113026
875,0.0052026828569310775,0.004428979231765674,0.004660624666961956,0.004824322451445892
880,0.005141706433468512,0.004349511027426438,0.0047244846832214275,0.004893158197064175
885,0.0049462911998799245,0.004270042823087201,0.004747916783675691,0.004919964963040724
890,0.004750875966291335,0.004190574618747965,0.004645841324615274,0.0048172709848215796
895,0.0045554607327027465,0.004111106414408729,0.004090912868363674,0.004250803166001858
900,0.004360045499114158,0.004031638210069493,0.0037340510294711755,0.0038855260020583355
905,0.004164630265525569,0.003842417242089137,0.004108612652397795,0.004272125457937277
910,0.003949263916134494,0.00365319627410878,0.003141057980850739,0.0032768613115343984
915,0.00373389756674342,0.0034639753061284227,0.0034110299708484597,0.0035565135236112753
920,0.003803924661944198,0.0032747543381480664,0.0037417946849861035,0.003898285798807091
925,0.003873951757144977,0.0030855333701677095,0.0035756580757567366,0.0037283790315736707
930,0.0022996633810746362,0.0028963124021873527,0.0021727490571431386,0.0022765604032570115
935,0.0017150031994454915,0.0027070914342069968,0.001261310746340627,0.0013257876534122914
940,0.0015661625904951565,0.00251787046622664,0.0023724247457780705,0.0024854181289866305
945,0.001707934426628054,0.002328649498246283,0.0018514879202283616,0.001943574479331172
950,0.001932681764244139,0.0021394285302659267,0.0007404744877456575,0.0007803623064238493
955,0.002282090543977082,0.0022866292970345507,0.0017155213974207927,0.0018022653267407947
960,0.002631433260412666,0.0024338300638031747,0.002115224759032244,0.0022209321665541066
965,0.00298077597684825,0.002581030830571798,0.0025329798890194044,0.0026565561046782635
970,0.003197661782078587,0.0027282315973404226,0.0031910397573561844,0.0033404364391948615
975,0.003414613650606283,0.0028754323641090465,0.002966071479604312,0.003108017860696708
980,0.0036314994558366205,0.003022633130877671,0.003040541309588783,0.0031866473099598685
985,0.0038282359553723933,0.0031698338976462945,0.003460358062148099,0.0036227749242714767
990,0.004024972454908167,0.003317034664414919,0.003682108197348313,0.003852731085853203
995,0.00415260674540619,0.0034642354311835433,0.0037801106947417864,0.003955145243968209
1000,0.004119046590347703,0.0036114361979521672,0.0036974446579460603,0.0038704157164348107
1005,0.004085552498586576,0.0035915566408550926,0.0034280257861994063,0.00358953229589972
1010,0.00405199234352809,0.0035716770837580184,0.0036160859915619456,0.003788484389942806
1015,0.004018498251766962,0.0035517975266609434,0.003560925016887425,0.003731457052719204
1020,0.003984938096708477,0.003531917969563869,0.0035146139342299657,0.0036846151672862747
1025,0.003951444004947349,0.003512038412466795,0.003507423396966104,0.0036783471969535535
1030,0.003917883849888862,0.003492158855369721,0.0034723255297620793,0.003642810043727855
1035,0.003884389758127735,0.003472279298272646,0.0034310427948415854,0.0036011728122319177
1040,0.0038508296030692482,0.003452399741175572,0.003377541174920264,0.003546216143778947
1045,0.0038032640289706065,0.0034325201840784978,0.0033414376381688464,0.0035096156741575187
1050,0.003755698454871964,0.003412640626981423,0.00329170727905025,0.003458688415204155
1055,0.0037081328807733213,0.0032600772821533975,0.003260732656990537,0.0034273485635405465
1060,0.0036605673066746796,0.0031075139373253715,0.0031972749085500225,0.0033619266231927638
1065,0.003613001732576037,0.0029549505924973446,0.0031634844117576087,0.003327676642446106
1070,0.003565436158477395,0.0028023872476693186,0.0030405915930661522,0.0031999107828960737
1075,0.0033743811025145148,0.0026498239028412925,0.002979396601107273,0.003137007223485546
1080,0.003183392109848994,0.002497260558013266,0.003003029835471014,0.0031630304931705064
1085,0.002992337053886114,0.00234469721318524,0.0029833187123421067,0.0031431073017557836
1090,0.002801281997923234,0.002192133868357214,0.002794403687864282,0.0029468414807124364
1095,0.002610293005257714,0.002039570523529188,0.0026181098162062436,0.0027625519601262535
1100,0.002419237949294834,0.0018870071787011615,0.00244262048018612,0.0025806688924356683
1105,0.0019764156670959462,0.0018306500850283783,0.0025465564279092134,0.002689910661091675
1110,0.0015336594481944177,0.0017742929913555955,0.0024085282825294886,0.0025461390915848714
1115,0.001090903229292889,0.0017179358976828116,0.0012564332490357696,0.0013337905083906768
1120,0.0006480809470940011,0.0016615788040100288,0.0007134722603981484,0.0007589840504676021
1125,0.0008839269186664359,0.0016052217103372456,0.0007254900114894979,0.0007719677032996686
1130,0.0011197728902388705,0.0015488646166644624,0.0003548706131886597,0.0003781376959297666
1135,0.0008800291841222416,0.0014925075229916792,7.774831270897295e-05,8.293308246482375e-05
1140,0.0009354562906066316,0.001436150429318896,0.0012872067371860034,0.0013681524171789907
1145,0.001187619896626795,0.0013797933356461127,0.0007343399035065586,0.0007821531550903412
1150,0.001439717439349599,0.0013234362419733295,0.0006116482187245809,0.0006518689146030549
1155,0.0016918810453697625,0.0014167110838535634,0.0015746773773083669,0.0016734921148158612
1160,0.0019440446513899257,0.0015099859257337975,0.001440521059686106,0.0015317912140796889
1165,0.0021403187078441847,0.0016032607676140314,0.0019540159305851046,0.0020751458922974994
1170,0.0023227194718530055,0.0016965356094942653,0.0023066539573785515,0.002447362594823677
1175,0.002505054172564468,0.0017898104513744996,0.0022748245162035547,0.002414399786556061
1180,0.002687454936573289,0.0018830852932547335,0.0022159425642036793,0.00235339900385368
1185,0.002635264931659501,0.001976360135134967,0.002048599151517441,0.00217744812237085
1190,0.002583074926745713,0.0020696349770152013,0.002325057710095848,0.002469356455009031
1195,0.002530884921831925,0.002162909818895435,0.002247470304514458,0.002388040732746133
1200,0.002478694916918137,0.0022561846607756695,0.0022539568730951445,0.0023946444872038216
1205,0.002524344655393362,0.0022644386288708314,0.002196985693235316,0.0023344831648138592
1210,0.0025700604571659456,0.002272692596965993,0.0022796517300310423,0.0024213952891595446
1215,0.00261571019564117,0.0022809465650611544,0.002151127161874184,0.0022861862148394053
1220,0.0026614259974137543,0.0022892005331563163,0.0023032346809174144,0.0024469708466778825
1225,0.002707075735888979,0.0022974545012514782,0.002324906859663739,0.0024703078433631048
1230,0.002752791537661563,0.0023057084693466397,0.0023131908094366073,0.002458387506926768
1235,0.002798441276136788,0.0023139624374418017,0.0023383828315988084,0.0024853062009449747
1240,0.002763691981725835,0.0023222164055369636,0.0023169117867619625,0.0024630325206554814
1245,0.0027288766240175233,0.002330470373632125,0.002295692159311965,0.0024412625165534394
1250,0.002694127329606571,0.002338724341727287,0.0022982063331804478,0.0024447322858447674
1255,0.0026593780351956186,0.0022824973105820636,0.002266276325050712,0.0024113777294313553
1260,0.0026245626774873063,0.002226270279436841,0.0021677207094061724,0.0023076763988373085
1265,0.002589813383076354,0.0021700432482916173,0.0019897171995175655,0.0021194134327723463
1270,0.002554998025368042,0.0021138162171463943,0.0019481830472102236,0.0020755376404432944
1275,0.0025202487309570897,0.0020575891860011714,0.0020733386223833147,0.002208060441763696
1280,0.0024854994365461373,0.002001362154855948,0.0021221638789092577,0.002260218909175273
1285,0.002450684078837825,0.0019451351237107248,0.0021319691569963418,0.002270852073132569
1290,0.0024159347844268726,0.001888908092565502,0.0020759533632065375,0.0022118100311591636
1295,0.00225923264309079,0.0018326810614202789,0.0020371848021545273,0.002171459972142268
1300,0.0021025965650520667,0.0017764540302750557,0.0017756101528775402,0.0018946619251276118
1305,0.001945894423715984,0.0016362566303750536,0.0019299804284024055,0.0020585245781116215
1310,0.0017891922823799014,0.0014960592304750517,0.001514236637510032,0.0016178079140921283
1315,0.001632556204341178,0.0013558618305750494,0.0014371520667023384,0.0015360444796626072
1320,0.0014758540630050955,0.0012156644306750477,0.0013009341265079214,0.0013914894138642134
1325,0.0012629981189136712,0.0010754670307750456,0.0016203347747600209,0.0017316946964768482
1330,0.0010502082381196062,0.0009352696308750438,0.0011526481517447852,0.0012341185872962368
1335,0.0008373522940281819,0.0007950722309750417,0.0011624031463544997,0.0012448636792951882
1340,0.0006244963499367577,0.0006548748310750397,0.000846321207608798,0.0009075125617447749
1345,0.0004117064691426927,0.0005146774311750377,0.0005482910372388055,0.000588797463130043
1350,0.00019885052505126845,0.0003744800312750357,8.057927248488497e-05,8.667707545820839e-05
1355,0.00017777633319367554,0.0003444455922184592,1.811914823538437e-08,1.9501782337888608e-08
1360,0.00015670214133608264,0.0003144111531618827,1.076267549620267e-08,1.1587910152619209e-08
1365,0.00013562794947848974,0.0002843767141053063,4.563929539980094e-14,4.915487841374495e-14
1370,0.00011455375762089684,0.0002543422750487298,1.46827753919416e-09,1.5818790127206345e-09
1375,9.354562906066317e-05,0.00022430783599215333,1.6257653903159443e-06,1.7521775280998495e-06
1380,7.247143720307026e-05,0.00019427339693557687,4.102478068158696e-07,4.423508134276671e-07
1385,5.139724534547736e-05,0.0001642389578790004,1.0508743935485872e-08,1.1335512418685505e-08
1390,3.0323053487884458e-05,0.00013420451882242395,2.480383371690737e-06,2.677094900322092e-06
1395,9.248861630291555e-06,0.00010417007976584749,3.3758315366896957e-09,3.645328424665109e-09
1400,4.4130282635962566e-05,7.413564070927102e-05,1.6325033762834794e-11,1.7635941883487352e-11
1405,7.907776693899281e-05,0.00010466031544665104,1.8325310492599986e-09,1.980846517202535e-09
1410,0.00011395918794466382,0.00013518499018403104,2.3458750697268885e-06,2.5369609921691008e-06
1415,0.00014890667224769404,0.00016570966492141103,9.235063453712308e-07,9.991816278608295e-07
1420,0.00018378809325336507,0.00019623433965879108,4.159348681063785e-05,4.5015779433315526e-05
1425,0.0002187355775563953,0.00022675901439617107,0.00012998278900057888,0.00014070474116543617
1430,0.0002536169985620663,0.0002572836891335511,0.00030975124894486113,0.0003352916415839477
1435,0.0002884984195677373,0.000287808363870931,0.0001076870951348703,0.00011666819421986509
1440,0.00032344590387076757,0.0003183330386083111,0.00019912759873160247,0.00021572451108519878
1445,0.0003784105672736431,0.0003488577133456911,0.0002501653282618104,0.000271056138477716
1450,0.0004533924097763639,0.0003793823880830711,0.00013783706816572025,0.00014941833920833588
1455,0.0005283081889817255,0.00043842077078555536,0.00033262520280032083,0.00036045866175024176
1460,0.0006032900314844463,0.0004974591534880397,0.0004295264920393984,0.0004654023936066676
1465,0.0006411443008712825,0.0005564975361905238,0.00046956219672112407,0.0005087745097482686
1470,0.0006418709971422339,0.0006155359188930081,0.0002497982588770119,0.0002708490716006529
1475,0.0006425316301158263,0.0006745743015954923,0.000928383842676088,0.0010047780299436166
1480,0.000711964155640372,0.0007336126842979767,0.00030490392172642563,0.0003305402962156613
1485,0.0008272446095322205,0.0007926510670004609,0.0006286943175528966,0.0006809702054335484
1490,0.0009425250634240687,0.0008516894497029451,0.00087885461746697,0.0009509966059280317
1495,0.001057805517315917,0.0009107278324054295,0.0009178243124284589,0.0009930815495905914
1500,0.0011661493249850467,0.0009697662151079136,0.0012601542263611246,0.0013621083029295802
1505,0.0012698026385416714,0.0010097854543571828,0.0009253165505565386,0.0010009165125064935
1510,0.0013735220153956553,0.0010498046936064519,0.0013602686298041235,0.0014701188631273735
1515,0.0014771753289522798,0.001089823932855721,0.0013361828441440552,0.001444095593442413
1520,0.001580894705806264,0.0011298431721049901,0.0013299979764275867,0.0014376037670263799
1525,0.0015974105301460701,0.0011698624113542593,0.0013015375282363574,0.001406935483612706
1530,0.0016139263544858765,0.0012098816506035282,0.0012833349094285393,0.001387292112302123
1535,0.001630442178825683,0.0012499008898527973,0.0013418648770868271,0.001450811275941758
1540,0.0016438530281896056,0.0012899201291020664,0.0013320595989997426,0.0014403460040469458
1545,0.001644645787757916,0.0013299393683513356,0.0013931037405265137,0.0015066633687279745
1550,0.0016455046106235863,0.0013699586076006047,0.0013571510542072045,0.0014677124102317751
1555,0.0016462973701918968,0.001355051440980252,0.0013455355709348124,0.0014553443616288153
1560,0.0016357933059117803,0.0013401442743598993,0.0013359314267572069,0.001445046981796487
1565,0.0015893508078682447,0.0013252371077395464,0.001343976783136353,0.0014536654410039792
1570,0.0015429083098247092,0.0013103299411191937,0.0012156030654116032,0.001314986597392512
1575,0.0014964658117811737,0.0012954227744988412,0.001205496086460301,0.001303625901164454
1580,0.0014732775944080855,0.0012805156078784883,0.0012301349903714358,0.001330376703120177
1585,0.001485102924635387,0.0012656084412581356,0.001301034693462661,0.0014066556635085668
1590,0.0014969282548626883,0.001250701274637783,0.001215804199321082,0.0013143709931634057
1595,0.0014831210257146101,0.0012357941080174302,0.0012984702361168079,0.0014037455344255174
1600,0.001452269465847852,0.0012208869413970775,0.0011972495961716763,0.0012946156938111668
1605,0.0014214839692784527,0.0012049993034151175,0.0011908635945457292,0.0012877321192493385
1610,0.0013906324094116946,0.0011891116654331579,0.001094168467563867,0.0011834151844261846
1615,0.0014140848799742197,0.0011732240274511978,0.0012120329385183573,0.0013106773677887657
1620,0.0014375373505367446,0.001157336389469238,0.001179097260841228,0.0012750282865214113
1625,0.0014609898210992697,0.0011414487514872782,0.0011958416588053256,0.0012932725573112976
1630,0.0014844422916617946,0.0011255611135053184,0.0011892545232699,0.0012862770547078135
1635,0.0014662748848880075,0.0011096734755233584,0.0011749740156969154,0.0012710548410426324
1640,0.0014481074781142207,0.0010937858375413988,0.001081647881698821,0.0011703755675732904
1645,0.0014299400713404335,0.001077898199559439,0.0010972860431607862,0.0011873326658841357
1650,0.0014154722092187633,0.0010620105615774791,0.0011326856112290288,0.001225723984172056
1655,0.0014019952965574813,0.0010284044054179053,0.0011178519854049783,0.001209886166277768
1660,0.00138845232059884,0.0009947982492583315,0.0011229306166193143,0.001215594496402211
1665,0.001374909344640199,0.0009611920930987577,0.0010649034837347231,0.0011532505771999616
1670,0.0013613663686815576,0.0009275859369391839,0.0011146841263306895,0.001207311821319686
1675,0.0013478894560202757,0.0008939797807796103,0.001074055076616002,0.0011636598850739458
1680,0.0013302505556253626,0.0008603736246200366,0.0010337277277655322,0.001120231804911517
1685,0.0013064677685760413,0.0008267674684604626,0.001072094020998585,0.0011619809644491097
1690,0.0012827510448240795,0.000793161312300889,0.0010319678060575939,0.0011187767403699922
1695,0.0012589682577747584,0.0007595551561413153,0.001054343953487094,0.0011431770534509446
1700,0.0012351854707254373,0.0007259489999817416,0.0010044124604590187,0.0010892837013937037
1705,0.0012114687469734753,0.0007252186488654424,0.000994506615417195,0.001078706501457236
1710,0.0011876859599241542,0.0007244882977491434,0.000944826539775968,0.0010250370054833064
1715,0.0011639031728748331,0.0007237579466328442,0.0009536261483156591,0.0010347747451073563
1720,0.0011401864491228711,0.0007230275955165449,0.000940200459857959,0.0010202800637129374
1725,0.00111640366207355,0.0007222972444002459,0.0008954481649989588,0.0009719271497176557
1730,0.0010926208750242287,0.0007215668932839467,0.000875284490573724,0.0009502131096364413
1735,0.001068904151272267,0.0007208365421676475,0.0008122792934295362,0.0008818810402056094
1740,0.0010451213642229456,0.0007201061910513484,0.0008456675224029924,0.0009180897616812428
1745,0.0009737730030749824,0.0007193758399350492,0.0007784385131597531,0.0008453365346050089
1750,0.0009024246419270189,0.0007186454888187501,0.0008329960861058374,0.0009044905046200699
1755,0.0008310762807790555,0.0006683613147020435,0.0007693874872332138,0.0008355987949809591
1760,0.0007597279196310921,0.0006180771405853367,0.0008044350709598689,0.0008734864370814287
1765,0.0006883795584831287,0.0005677929664686301,0.0006679657133786034,0.0007256854580750182
1770,0.0006170311973351652,0.0005175087923519235,0.0007126174412828642,0.0007740383720702997
1775,0.0005456828361872018,0.0004672246182352169,0.00057745545411321,0.0006275245655429304
1780,0.00047433447503923834,0.0004169404441185102,0.0005053489475651133,0.0005492476896109857
1785,0.0004029861138912749,0.00036665627000180356,0.0003870872371394028,0.00042085503302768143
1790,0.0003316377527433115,0.000316372095885097,0.000447040227207252,0.0004859411892504967
1795,0.0002602893915953481,0.0002660879217683903,0.00023598538764356547,0.0002566733851249529
1800,0.00018894103044738464,0.00021580374765168365,0.00016004225177216344,0.00017411526159967586
1805,0.00017420891513627738,0.00019820528719181757,7.449497172315575e-05,8.106388416917282e-05
1810,0.00015941073652781087,0.0001806068267319515,4.873022075371412e-05,5.3032625416908213e-05
1815,0.00014467862121670362,0.00016300836627208538,1.6501025933628614e-05,1.796053320428901e-05
1820,0.00012994650590559637,0.00014540990581221928,4.96574480764107e-06,5.404893203514237e-06
1825,0.00011514832729712987,0.00012781144535235322,6.408126355989853e-06,6.974795915777708e-06
1830,0.0001004162119860226,0.00011021298489248713,2.6168024457946326e-08,2.8483448040553815e-08
1835,8.568409667491535e-05,9.261452443262103e-05,3.2276964123586686e-08,3.513645083657125e-08
1840,7.088591806644885e-05,7.501606397275495e-05,3.15292488150998e-10,3.4326651455191945e-10
1845,5.6153802755341586e-05,5.741760351288886e-05,3.150662125028345e-08,3.430482548706908e-08
1850,4.142168744423432e-05,3.981914305302276e-05,1.5081523367483026e-08,1.642432083256392e-08
1855,2.6623508835767838e-05,3.66576231523305e-05,1.4278496233889509e-09,1.5555199589107066e-09
1860,1.1891393524660571e-05,3.349610325163824e-05,5.607110561491123e-08,6.11127107440364e-08
1865,1.149501374050522e-05,3.0334583350945983e-05,8.539140126916172e-08,9.314651626591041e-08
1870,1.1098633956349867e-05,2.7173063450253724e-05,1.3406580736299552e-12,1.4633472166072012e-12
1875,1.0768317469553739e-05,2.4011543549561468e-05,2.2692933336928914e-12,2.4789822665914252e-12
1880,1.0371937685398388e-05,2.0850023648869208e-05,3.8972209135357314e-07,4.260149157480112e-07
1885,9.975557901243034e-06,1.7688503748176945e-05,2.2069418217545097e-07,2.4136722542852984e-07
1890,9.579178117087683e-06,1.4526983847484687e-05,1.122980900096684e-06,1.228746041296761e-06
1895,9.18279833293233e-06,1.1365463946792429e-05,6.510201815050269e-07,7.131495174095749e-07
1900,8.786418548776978e-06,8.20394404610017e-06,4.3354917022897145e-09,4.752240792619592e-09
1905,8.390038764621625e-06,1.8258777907479034e-05,2.849413812106694e-09,3.1226804341536104e-09
1910,8.059722277825497e-06,2.8313611768857898e-05,1.1587827359838841e-07,1.2718383373342226e-07
1915,7.663342493670146e-06,3.8368445630236755e-05,1.0030045230926681e-07,1.1009801817467288e-07
1920,7.266962709514795e-06,4.842327949161563e-05,2.266226041573342e-06,2.4876566898197456e-06
1925,2.2329394507418184e-05,5.8478113352994476e-05,4.707287733961002e-06,5.166934186954125e-06
1930,3.739182630532158e-05,6.853294721437334e-05,2.777759856854924e-06,3.048584070577508e-06
1935,5.2454258103224966e-05,7.85877810757522e-05,1.80693675927884e-05,1.9826933298898545e-05
1940,6.751668990112835e-05,8.864261493713108e-05,1.6503540107497095e-05,1.8108278219274594e-05
1945,8.257912169903175e-05,9.869744879850995e-05,5.462294146666492e-05,5.992067710040272e-05
1950,9.764155349693513e-05,0.0001087522826598888,8.410917259623531e-05,9.223989912849889e-05
1955,0.00011270398529483852,0.00012813159926634737,5.04644978881938e-05,5.532603099043441e-05
1960,0.0001277664170927419,0.00014751091587280593,0.00011015098552598379,0.00012070879652363746
1965,0.00020492834840831717,0.00016689023247926451,0.00014362469641096846,0.00015733724815547977
1970,0.0002939156099511938,0.00018626954908572304,0.0002456197019075929,0.0002689351020883396
1975,0.0003829028714940704,0.00020564886569218163,0.00034120859238732226,0.0003734479109843909
1980,0.00047189013303694706,0.00022502818229864021,0.0003797005943137993,0.00041544331221362614
1985,0.0005608773945798237,0.00024440749890509875,0.00041766964807563186,0.0004568063200075065
1990,0.00046198063843306327,0.00026378681551155733,0.0004304919348048959,0.00047079172881239176
1995,0.0003630178189889436,0.0002831661321180159,0.00040825155276429396,0.0004465201329793435
2000,0.0002640549995448239,0.00030254544872447445,0.0001918616362516862,0.0002098147104857755
2005,0.0001651582433980635,0.0003121900853835483,7.543024440223149e-05,8.253014151486307e-05
2010,0.00023756361730377455,0.0003218347220426222,0.00019986676584893653,0.0002186570257765793
2015,0.00030996899120948557,0.00033147935870169603,0.000133995410494678,0.00014667050578568734
2020,0.00038230830181783736,0.0003411239953607699,0.0002261801095564812,0.00024757923174042367
2025,0.0004547136757235484,0.00035076863201984374,0.00037214801601287596,0.0004073005471831707
2030,0.0005271190496292595,0.00036041326867891757,0.00042668547556801243,0.0004670757178294211
2035,0.0005995244235349705,0.0003700579053379915,0.00048466232497523386,0.0005305836886648904
2040,0.0005766665226486786,0.0003797025419970654,0.00045145008817257145,0.0004944085456017539
2045,0.0005357072782859588,0.0003893471786561392,0.00045795174179646893,0.0005016390970927148
2050,0.0004948140972205982,0.00039899181531521304,0.00034156057672890994,0.0003743545281218024
2055,0.0004538548528578785,0.0004014029744799815,0.00027608646084587176,0.0003027093886579605
2060,0.00041289560849515876,0.00040381413364475,0.0003479264649639093,0.00038143397675652823
2065,0.00037193636413243895,0.0004062252928095184,0.00031112901622478984,0.00034116786377087424
2070,0.00039684222723686697,0.0004086364519742869,0.0003302417659729988,0.0003621711607875746
2075,0.00042174809034129494,0.0004110476111390554,0.00038941033379388123,0.0004270334609270785
2080,0.0004466539534457229,0.0004134587703038238,0.0004365209237415185,0.000478649077336625
2085,0.0004716258798475101,0.00041586992946859223,0.00042792244911130616,0.0004692415254354597
2090,0.0004965317429519381,0.00041828108863336074,0.00044802578336369743,0.000491246578424979
2095,0.0005214376060563661,0.0004206922477981292,0.0004512791243495146,0.0004948394685621284
2100,0.000546343469160794,0.00042310340696289766,0.0004331066756281184,0.0004749610483640682
2105,0.0005418511649403667,0.00042223298850922606,0.00046840567674162186,0.0005135874155394656
2110,0.0005374249240172985,0.00042136257005555446,0.00045081148800997674,0.0004942742319517669
2115,0.0005329326197968713,0.0004204921516018828,0.00046096372209091175,0.0005053998792923479
2120,0.0005284403155764439,0.00041962173314821115,0.0004404229215854044,0.00048286316810496375
2125,0.0005239480113560166,0.0004187513146945396,0.0004456725166227972,0.0004885826910335724
2130,0.0005195217704329486,0.000417880896240868,0.00045141488973841275,0.0004948450649642113
2135,0.0005150294662125211,0.00041701047778719636,0.0004527725436273936,0.0004962833402994875
2140,0.0005105371619920939,0.00041614005933352476,0.00045640803904122023,0.0005002623821803491
2145,0.0005061109210690258,0.0004152696408798531,0.0004499667255901664,0.000493222108360203
2150,0.0005008258572802878,0.0004143992224261815,0.00042559432410909075,0.0004665664452398874
2155,0.0004943516541390837,0.00040987704839101413,0.00042660502200422097,0.0004676689364501965
2160,0.0004878774509978795,0.00040535487435584675,0.00042323602902045353,0.00046400888948805365
2165,0.0004814032478566755,0.00040083270032067927,0.00038371321580789845,0.00042070952657352893
2170,0.00047492904471547136,0.0003963105262855119,0.0004123044010402888,0.00045205497463922015
2175,0.0004684548415742673,0.00039178835225034457,0.000404520518743465,0.00044355403987546635
2180,0.00046198063843306327,0.0003872661782151771,0.0004113590716657392,0.0004510532186664012
2185,0.00045550643529185914,0.0003827440041800097,0.00037486332379083775,0.0004111005041973833
2190,0.000449032232150655,0.0003782218301448424,0.00039758139886645146,0.00043598770425953804
2195,0.0004425580290094509,0.00037369965610967496,0.0003971992444384421,0.00043558476330957737
2200,0.00043839604127581975,0.00036917748207450753,0.00035802841556747456,0.0003927275161595929
2205,0.0004377354083022275,0.0003681970107129004,0.00037214801601287596,0.000408240742733079
2210,0.0004371408386259945,0.0003672165393512934,0.00039882340075748213,0.0004374931364198078
2215,0.00043648020565240217,0.00036623606798968624,0.00038352716694163065,0.00042078787620268804
2220,0.0004358195726788099,0.0003652555966280791,0.00039085346959439053,0.00042885788800606716
2225,0.0004352250030025769,0.00036427512526647206,0.0003794039217973183,0.00041637231495936884
2230,0.0004345643700289847,0.00036329465390486494,0.0003810129930731475,0.0004182023384404403
2235,0.00043390373705539244,0.0003623141825432578,0.0003736012085088592,0.000410160308647475
2240,0.00043324310408180013,0.0003613337111816508,0.00036766272983150203,0.0004037244462522697
2245,0.0004326485344055671,0.0003603532398200437,0.00035619809699121883,0.00039125006600973706
2250,0.0004319879014319749,0.0003593727684584366,0.0003617242511541448,0.00039753482554870704
2255,0.00043132726845838265,0.00035781201812771514,0.0003403688583152489,0.00037420342526556715
2260,0.00043066663548479035,0.0003562512677969936,0.0003365422856874176,0.0003701628229617948
2265,0.0004300720658085573,0.0003546905174662721,0.00034261652975367285,0.0003769456622861329
2270,0.00042941143283496507,0.0003531297671355506,0.000326173832653793,0.00035894203678580645
2275,0.0004267028376432369,0.00035156901680482916,0.0003219198504683195,0.0003543026194591758
2280,0.00042399424245150865,0.0003500082664741076,0.0003333191147880222,0.0003668497529287848
2285,0.00042128564725978036,0.0003484475161433861,0.00031718817524783424,0.00034915392954301157
2290,0.00041857705206805213,0.00034688676581266466,0.00031789214393100954,0.0003499654078450158
2295,0.0004158023935789646,0.00034532601548194317,0.00030806172410524044,0.0003391587554231536
2300,0.00041309379838723643,0.00034376526515122167,0.0002957875272793057,0.0003256714264036365
2305,0.00041038520319550814,0.0003410339520724591,0.000297532363944033,0.0003276357635346948
2310,0.0004076766080037799,0.00033830263899369646,0.00032116056996003763,0.0003536310512092413
2315,0.0004049680128120517,0.0003355713259149338,0.0002923531657749577,0.00032194981901858296
2320,0.00040225941762032344,0.00033284001283617124,0.0002616299611020936,0.000288153146840631
2325,0.0003995508224285952,0.0003301086997574086,0.0002826685680335606,0.00031130546225712163
2330,0.00039684222723686697,0.0003273773866786459,0.0002857308318053731,0.00031469128551720794
2335,0.0003941336320451387,0.0003246460735998833,0.00029147823326872553,0.00032102081627284027
2340,0.0003913589735560513,0.0003219147605211208,0.00023047934687158738,0.00025388637688772485
2345,0.000388650378364323,0.0003191834474423582,0.0002584570736800679,0.00028468337754930284
2350,0.0003859417831725948,0.0003164521343635955,0.00020885745160263225,0.0002300960716337964
2355,0.0003832331879808665,0.00030714766123814043,0.00023871075211700122,0.0002629637410660057
2360,0.0003805245927891383,0.0002978431881126854,0.00025260910526197605,0.0002782754971645115
2365,0.00036665130034370093,0.0002885387149872303,0.00024844563333576797,0.00027371442946703994
2370,0.00035277800789826363,0.00027923424186177524,0.0001549585922100905,0.00017076861315416908
2375,0.0003389047154528263,0.0002699297687363202,0.0002219864675438513,0.0002445851566261325
2380,0.000325031423007389,0.0002606252956108651,0.00021396625290339005,0.00023576522694365983
2385,0.0003111581305619516,0.00025132082248541005,0.0001550038473397232,0.00017083017357707975
2390,0.00029728483811651427,0.00024201634935995495,0.00018659695617108247,0.00020565658373826462
2395,0.00028341154567107697,0.0002327118762344999,0.00020412074803441,0.0002249697673259633
2400,0.0002695382532256396,0.00022340740310904483,0.0002220015525870622,0.0002447082774719538
2405,0.0002556649607802023,0.00021309244419254574,0.00016894745561433074,0.00018628183972765528
2410,0.00024179166833476496,0.00020277748527604657,0.00017002352203004156,0.00018750185538170288
2415,0.00022791837588932763,0.0001924625263595475,0.00013727389321918003,0.0001514274475560565
2420,0.00021404508344389028,0.00018214756744304835,0.00013370376632593393,0.00014750996609810542
2425,0.00020017179099845295,0.00017183260852654926,0.00016632768644337132,0.00018357318111958623
2430,0.00018629849855301563,0.0001615176496100501,0.0002267734545894432,0.0002502990831526582
2435,0.0001724252061075783,0.000151202690693551,7.481175763058462e-05,8.263087675235324e-05
2440,0.00015855191366214095,0.0001408877317770519,0.00021747101127605556,0.00024023115580572402
2445,0.00014467862121670362,0.0001305727728605528,0.00010457957623342513,0.00011560487782413551
2450,0.0001308053287712663,0.00012025781394405366,6.844084104784832e-05,7.568014536553152e-05
2455,0.00012869130325577109,0.000112984317210499,0.00012496952630682348,0.00013820314943443032
2460,0.00012657727774027585,0.00010571082047694434,0.00016776076554840668,0.00018555990385897572
2465,0.0001245293155221399,9.843732374338967e-05,0.00012142454115226224,0.00013436401760563826
2470,0.00012241529000664466,9.116382700983502e-05,8.410917259623531e-05,9.309614864716533e-05
2475,0.00012030126449114945,8.389033027628036e-05,8.274146201178049e-05,9.160190929106115e-05
2480,0.00011818723897565425,7.66168335427257e-05,4.042540163134058e-05,4.476897810146462e-05
2485,0.00011607321346015902,6.934333680917104e-05,2.8210036473928342e-05,3.1250309230283816e-05
2490,0.00011395918794466382,6.206984007561638e-05,1.7656037408809772e-05,1.956334276079927e-05
2495,0.0001165356565416736,5.4796343342061727e-05,1.446756210879944e-05,1.6032013046560538e-05
2500,0.00013767591169662572,4.7522846608507064e-05,3.552125408347734e-05,3.935837656782593e-05
